label,n_videos,duration_s,n_frames,n_detected,vis_shoulder,vis_elbow,vis_wrist,vis_hip,vis_knee,vis_ankle,detected_pct,side
decline_bench_press,11,155.095,4476,3919,0.9957,0.7023,0.6815,0.9695,0.5973,0.4592,87.5559,kanan (45%)
romanian_deadlift,14,257.7092,6543,5780,0.9987,0.5763,0.5528,0.9812,0.5884,0.5874,88.3387,kiri (57%)
bench_press,61,229.6887,6083,5577,0.9981,0.653,0.6529,0.962,0.5895,0.4462,91.6817,kiri (44%)
lat_pulldown,51,221.5054,6276,5949,0.991,0.7625,0.7516,0.8456,0.407,0.2748,94.7897,kanan (49%)
leg_extension,25,206.0739,5772,5489,0.9994,0.7614,0.7146,0.9882,0.8099,0.7461,95.097,kiri (62%)
incline_bench_press,33,265.727,7106,6937,0.9929,0.7436,0.7129,0.6781,0.4201,0.2428,97.6217,kanan (42%)
barbell_biceps_curl,62,238.8418,7046,6891,0.9956,0.8164,0.788,0.8934,0.4102,0.2886,97.8002,seimbang (56%)
tricep_pushdown,50,197.0882,5815,5690,0.9957,0.6381,0.6301,0.9434,0.4536,0.2665,97.8504,kiri (50%)
deadlift,32,187.5955,5127,5062,0.9995,0.7509,0.733,0.9982,0.7945,0.7625,98.7322,seimbang (47%)
hammer_curl,19,185.646,5566,5503,0.9974,0.7869,0.7955,0.9526,0.5635,0.3536,98.8681,kiri (37%)
tricep_dips,20,249.596,7379,7306,0.9978,0.6764,0.6159,0.9781,0.5623,0.3694,99.0107,kiri (55%)
hip_thrust,18,211.2007,6009,5953,0.9992,0.6738,0.6758,0.982,0.8034,0.7456,99.0681,kanan (50%)
russian_twist,13,214.9983,5494,5452,0.9986,0.7245,0.6648,0.9586,0.7297,0.6578,99.2355,kanan (54%)
plank,7,334.653,9887,9833,0.9982,0.6884,0.6441,0.9969,0.6008,0.6646,99.4538,kanan (86%)
push_up,56,331.4311,9933,9895,0.9992,0.7643,0.7768,0.9909,0.4654,0.4904,99.6174,kiri (52%)
pull_up,26,209.4071,6119,6103,0.9952,0.917,0.8962,0.9287,0.6345,0.5846,99.7385,seimbang (73%)
squat,29,297.1115,8520,8499,0.9976,0.754,0.7134,0.9668,0.7048,0.5947,99.7535,kiri (41%)
lateral_raise,37,307.8351,8360,8347,0.9973,0.9077,0.8672,0.9215,0.4825,0.2382,99.8445,seimbang (46%)
leg_raises,21,189.4087,5448,5442,0.9968,0.8031,0.8017,0.9911,0.7057,0.6297,99.8899,kanan (71%)
chest_fly_machine,28,175.4746,5071,5068,0.9975,0.8823,0.8917,0.8978,0.6824,0.5118,99.9408,seimbang (50%)
t_bar_row,21,250.4466,7216,7214,0.9994,0.7743,0.7278,0.9921,0.6652,0.5652,99.9723,kiri (43%)
shoulder_press,17,179.4512,5167,5167,0.9978,0.9613,0.9596,0.7946,0.3949,0.2143,100.0,seimbang (76%)
