video_id,label,rep_count,rep_timestamps_ms,hold_start_ms,hold_end_ms,is_ambiguous,notes,labeler,labeled_at
barbell_biceps_curl_42,barbell_biceps_curl,1,4299,,,false,,Gilbertus,2026-10-04T09:56:39.548Z
barbell_biceps_curl_45,barbell_biceps_curl,4,3323;6738;9936;13613,,,false,,Gilbertus,2026-10-04T09:56:55.919Z
barbell_biceps_curl_60,barbell_biceps_curl,3,1955;4511;8128,,,false,,Gilbertus,2026-10-04T09:57:16.205Z
barbell_biceps_curl_8,barbell_biceps_curl,1,2915,,,false,,Gilbertus,2026-10-04T09:57:21.617Z
barbell_biceps_curl_9,barbell_biceps_curl,1,2296,,,false,,Gilbertus,2026-10-04T09:57:27.445Z
bench_press_12,bench_press,1,4775,,,false,,Gilbertus,2026-10-04T09:57:34.618Z
bench_press_3,bench_press,1,2238,,,false,,Gilbertus,2026-10-04T09:57:39.264Z
bench_press_39,bench_press,8,5371;8739;12027;15352;18783;22064;25082;28564,,,false,,Gilbertus,2026-10-04T09:56:09.253Z
bench_press_50,bench_press,0,,,,true,ambigu — alasan tidak dicatat pelabel saat melabel (ditandai 2026-10-06; video tetap dilaporkan terpisah),Gilbertus,2026-10-04T09:57:50.938Z
bench_press_9,bench_press,1,1419,,,false,,Gilbertus,2026-10-04T09:57:54.473Z
chest_fly_machine_15,chest_fly_machine,1,4604,,,false,,Gilbertus,2026-10-04T09:58:01.480Z
chest_fly_machine_16,chest_fly_machine,0,,,,true,ambigu — alasan tidak dicatat pelabel saat melabel (ditandai 2026-10-06; video tetap dilaporkan terpisah),Gilbertus,2026-10-04T09:58:08.996Z
chest_fly_machine_18,chest_fly_machine,1,4073,,,false,,Gilbertus,2026-10-04T09:58:16.529Z
chest_fly_machine_2,chest_fly_machine,1,1674,,,false,,Gilbertus,2026-10-04T09:58:21.325Z
chest_fly_machine_22,chest_fly_machine,5,946;3964;6981;10222;13377,,,false,,Gilbertus,2026-10-04T09:58:38.726Z
deadlift_10,deadlift,0,,,,true,ambigu — alasan tidak dicatat pelabel saat melabel (ditandai 2026-10-06; video tetap dilaporkan terpisah),Gilbertus,2026-10-04T09:59:04.438Z
deadlift_16,deadlift,1,3637,,,false,,Gilbertus,2026-10-04T09:58:56.988Z
deadlift_22,deadlift,1,1735,,,false,,Gilbertus,2026-10-04T09:59:10.184Z
deadlift_30,deadlift,2,1163;5641,,,false,,Gilbertus,2026-10-04T09:59:18.235Z
deadlift_31,deadlift,3,773;3060;5510,,,false,,Gilbertus,2026-10-04T09:59:27.837Z
dbp_11,decline_bench_press,6,1091;2565;4336;6218;7593;9423,,,false,,Gilbertus,2026-10-04T09:59:54.519Z
dbp_3,decline_bench_press,2,1788;4180,,,false,,Gilbertus,2026-10-04T10:00:01.692Z
dbp_6,decline_bench_press,6,9939;12654;14830;17946;20474;23024,,,false,,Gilbertus,2026-10-04T10:00:28.856Z
dbp_9,decline_bench_press,4,2304;4341;6154;7937,,,false,,Gilbertus,2026-10-04T10:00:39.954Z
hammer_curl_1,hammer_curl,5,2121;4514;7014;9829;12461,,,false,,Gilbertus,2026-10-04T10:01:52.721Z
hammer_curl_11,hammer_curl,7,1117;3271;5754;8242;10692;13437;15875,,,false,,Gilbertus,2026-10-04T10:02:11.578Z
hammer_curl_13,hammer_curl,4,1328;3793;6647;9505,,,false,,Gilbertus,2026-10-04T10:02:25.214Z
hammer_curl_18,hammer_curl,2,1277;2668,,,false,,Gilbertus,2026-10-04T10:02:34.241Z
hammer_curl_5,hammer_curl,5,3532;6209;8507;10989;13531,,,false,,Gilbertus,2026-10-04T10:03:05.837Z
hip_thrust_10,hip_thrust,3,1501;6713;10634,,,false,,Gilbertus,2026-10-04T10:03:18.940Z
hip_thrust_12,hip_thrust,2,3742;6648,,,false,,Gilbertus,2026-10-04T10:03:29.462Z
hip_thrust_16,hip_thrust,1,4543,,,false,,Gilbertus,2026-10-04T10:03:37.588Z
hip_thrust_4,hip_thrust,4,8246;11362;14593;17684,,,false,,Gilbertus,2026-10-04T10:03:58.684Z
hip_thrust_5,hip_thrust,1,5518,,,true,ambigu — alasan tidak dicatat pelabel saat melabel (ditandai 2026-10-06; video tetap dilaporkan terpisah),Gilbertus,2026-10-04T10:04:22.496Z
incline_bench_press_13,incline_bench_press,1,996,,,false,,Gilbertus,2026-10-04T10:04:27.304Z
incline_bench_press_2,incline_bench_press,1,1760,,,false,,Gilbertus,2026-10-04T10:04:31.720Z
incline_bench_press_20,incline_bench_press,1,2810,,,false,,Gilbertus,2026-10-04T10:04:37.209Z
incline_bench_press_30,incline_bench_press,8,5323;9451;13743;17632;22116;26946;31174;35090,,,false,,Gilbertus,2026-10-04T10:05:14.405Z
incline_bench_press_6,incline_bench_press,1,3028,,,false,,Gilbertus,2026-10-04T10:05:22.912Z
lat_pulldown_26,lat_pulldown,1,5639,,,false,,Gilbertus,2026-10-04T10:05:37.217Z
lat_pulldown_27,lat_pulldown,3,792;5396;10986,,,false,,Gilbertus,2026-10-04T10:05:50.450Z
lat_pulldown_33,lat_pulldown,1,719,,,false,,Gilbertus,2026-10-04T10:05:55.476Z
lat_pulldown_48,lat_pulldown,2,872;4491,,,false,,Gilbertus,2026-10-04T10:06:03.226Z
lat_pulldown_50,lat_pulldown,1,2010,,,false,,Gilbertus,2026-10-04T10:06:12.760Z
lateral_raise_16,lateral_raise,3,919;2713;4978,,,false,,Gilbertus,2026-10-04T10:06:21.253Z
lateral_raise_18,lateral_raise,2,689;2521,,,false,,Gilbertus,2026-10-04T10:06:26.309Z
lateral_raise_25,lateral_raise,2,1051;4803,,,false,,Gilbertus,2026-10-04T10:06:33.422Z
lateral_raise_30,lateral_raise,3,1709;4589;7451,,,false,,Gilbertus,2026-10-04T10:06:45.302Z
lateral_raise_4,lateral_raise,5,2302;4507;6945;9387;11834,,,false,,Gilbertus,2026-10-04T10:07:00.927Z
leg_extension_12,leg_extension,2,812;3898,,,false,,Gilbertus,2026-10-04T10:07:08.990Z
leg_extension_15,leg_extension,2,583;5970,,,false,,Gilbertus,2026-10-04T10:07:17.807Z
leg_extension_23,leg_extension,3,674;2706;5677,,,false,,Gilbertus,2026-10-04T10:07:56.020Z
leg_extension_6,leg_extension,5,448;2728;5254;7516;9608,,,false,,Gilbertus,2026-10-04T10:08:08.787Z
leg_extension_7,leg_extension,1,961,,,false,,Gilbertus,2026-10-04T10:08:14.278Z
leg_raises_10,leg_raises,2,1178;5256,,,false,,Gilbertus,2026-10-04T10:08:26.337Z
leg_raises_13,leg_raises,2,757;4187,,,false,,Gilbertus,2026-10-04T10:08:36.861Z
leg_raises_21,leg_raises,1,905,,,false,,Gilbertus,2026-10-04T10:08:41.540Z
leg_raises_3,leg_raises,6,443;2625;4491;6283;7963;9726,,,false,,Gilbertus,2026-10-04T10:08:54.570Z
leg_raises_5,leg_raises,5,7012;8602;10046;11596;13160,,,false,,Gilbertus,2026-10-04T10:09:11.430Z
plank_1,plank,,,0,36833,false,,Gilbertus,2026-10-04T10:22:12.688Z
plank_5,plank,,,0,29980,false,,Gilbertus,2026-10-04T10:22:57.453Z
pull_up_19,pull_up,1,1631,,,false,,Gilbertus,2026-10-04T10:09:33.588Z
pull_up_2,pull_up,4,3557;5665;8103;11102,,,false,,Gilbertus,2026-10-04T10:09:47.114Z
pull_up_20,pull_up,4,1425;3561;5448;7470,,,false,,Gilbertus,2026-10-04T10:09:59.317Z
pull_up_23,pull_up,1,2098,,,false,,Gilbertus,2026-10-04T10:10:04.116Z
pull_up_26,pull_up,1,1229,,,false,,Gilbertus,2026-10-04T10:10:09.759Z
push_up_18,push_up,1,1487,,,false,,Gilbertus,2026-10-04T10:10:16.239Z
push_up_28,push_up,2,890;1967,,,true,ambigu — alasan tidak dicatat pelabel saat melabel (ditandai 2026-10-06; video tetap dilaporkan terpisah),Gilbertus,2026-10-04T10:10:36.161Z
push_up_37,push_up,4,1157;2404;3660;4865,,,false,,Gilbertus,2026-10-04T10:10:43.286Z
push_up_54,push_up,19,818;1645;2365;3405;4314;5387;6383;7256;8527;13090;14470;15537;16551;17940;19151;20324;21607;22985;24258,,,false,,Gilbertus,2026-10-04T10:11:10.334Z
push_up_56,push_up,10,1691;3546;5702;7779;9671;11570;13444;15359;17158;19231,,,false,,Gilbertus,2026-10-04T10:11:33.601Z
romanian_deadlift_10,romanian_deadlift,1,5231,,,false,,Gilbertus,2026-10-04T10:11:41.413Z
romanian_deadlift_12,romanian_deadlift,2,3573;8271,,,false,,Gilbertus,2026-10-04T10:11:52.089Z
romanian_deadlift_8,romanian_deadlift,25,3715;18937;26651;40763;44325;47440;50803;53604;57771;60117;62932;65221;70858;74646;77582;81172;84752;91338;93291;95446;97032;99023;100981;103182;104750,,,false,,Gilbertus,2026-10-04T10:13:39.405Z
romanian_deadlift_9,romanian_deadlift,10,2172;4127;6301;8468;14793;16700;18513;20300;22446;25519,,,false,,Gilbertus,2026-10-04T10:14:08.570Z
russian_twist_3,russian_twist,4,2534;4513;6612;8836,,,false,"dikonversi dari tanda per sisi ke per siklus (tanda ke-2, ke-4, …) sesuai definisi labels/README.md; lihat PLAN §8",Gilbertus,2026-10-04T10:14:23.783Z
russian_twist_4,russian_twist,12,1390;3057;5271;7319;9841;11706;13315;15389;17481;19634;21039;22616,,,false,"dikonversi dari tanda per sisi ke per siklus (tanda ke-2, ke-4, …) sesuai definisi labels/README.md; lihat PLAN §8",Gilbertus,2026-10-04T10:14:53.230Z
russian_twist_7,russian_twist,6,1189;2576;4228;5946;7599;9207,,,false,"dikonversi dari tanda per sisi ke per siklus (tanda ke-2, ke-4, …) sesuai definisi labels/README.md; lihat PLAN §8",Gilbertus,2026-10-04T10:15:05.876Z
russian_twist_9,russian_twist,4,2109;4563;7305;10177,,,false,"dikonversi dari tanda per sisi ke per siklus (tanda ke-2, ke-4, …) sesuai definisi labels/README.md; lihat PLAN §8",Gilbertus,2026-10-04T10:15:18.932Z
shoulder_press_1,shoulder_press,6,3230;5087;7246;9617;12226;15006,,,false,,Gilbertus,2026-10-04T10:15:36.722Z
shoulder_press_14,shoulder_press,4,1143;2553;3639;4979,,,false,,Gilbertus,2026-10-04T10:15:45.987Z
shoulder_press_16,shoulder_press,4,2350;4634;6908;9915,,,false,,Gilbertus,2026-10-04T10:15:59.148Z
shoulder_press_2,shoulder_press,5,8547;10772;12994;15184;17501,,,false,,Gilbertus,2026-10-04T10:16:19.137Z
shoulder_press_5,shoulder_press,4,1505;5258;8419;11464,,,false,,Gilbertus,2026-10-04T10:16:34.685Z
squat_11,squat,1,2516,,,false,,Gilbertus,2026-10-04T10:16:39.807Z
squat_14,squat,1,3965,,,false,,Gilbertus,2026-10-04T10:16:49.491Z
squat_26,squat,3,3364;7958;12095,,,false,,Gilbertus,2026-10-04T10:17:04.065Z
squat_4,squat,4,8129;11248;13914;16625,,,false,,Gilbertus,2026-10-04T10:17:22.784Z
squat_7,squat,1,1971,,,false,,Gilbertus,2026-10-04T10:17:29.147Z
t_bar_row_1,t_bar_row,3,1171;6051;7501,,,false,,Gilbertus,2026-10-04T10:17:38.965Z
t_bar_row_16,t_bar_row,8,1180;3823;5712;7584;9345;11192;12921;14553,,,false,,Gilbertus,2026-10-04T10:17:57.750Z
t_bar_row_20,t_bar_row,9,810;3295;5885;8599;11037;13659;17370;20374;23175,,,false,,Gilbertus,2026-10-04T10:18:25.033Z
t_bar_row_6,t_bar_row,7,2707;3871;5466;6949;8415;10082;11675,,,false,,Gilbertus,2026-10-04T10:18:40.555Z
t_bar_row_9,t_bar_row,6,1446;2561;3583;4660;5732;6867,,,false,,Gilbertus,2026-10-04T10:19:02.185Z
tricep_dips_10,tricep_dips,5,2757;5683;8698;11830;14887,,,false,,Gilbertus,2026-10-04T10:19:20.020Z
tricep_dips_13,tricep_dips,3,911;1984;2812,,,false,,Gilbertus,2026-10-04T10:19:29.554Z
tricep_dips_14,tricep_dips,3,755;2761;4713,,,false,,Gilbertus,2026-10-04T10:19:37.352Z
tricep_dips_17,tricep_dips,11,721;2833;5290;7221;9314;11361;13141;15686;18042;20325;22131,,,false,,Gilbertus,2026-10-04T10:20:06.780Z
tricep_dips_9,tricep_dips,4,2327;5316;8396;11435,,,false,,Gilbertus,2026-10-04T10:20:20.187Z
tricep_pushdown_15,tricep_pushdown,1,1820,,,false,,Gilbertus,2026-10-04T10:20:25.579Z
tricep_pushdown_19,tricep_pushdown,1,2323,,,false,,Gilbertus,2026-10-04T10:20:32.208Z
tricep_pushdown_29,tricep_pushdown,1,635,,,false,,Gilbertus,2026-10-04T10:20:35.514Z
tricep_pushdown_37,tricep_pushdown,0,,,,true,ambigu — alasan tidak dicatat pelabel saat melabel (ditandai 2026-10-06; video tetap dilaporkan terpisah),Gilbertus,2026-10-04T10:23:57.837Z
tricep_pushdown_48,tricep_pushdown,5,1138;2778;4669;6581;8518,,,false,,Gilbertus,2026-10-04T10:20:52.454Z
